Gen,Time,ProgSizeMean,ProgSizeStd,FitMean,FitStd
0,5.1875,20.76953125,19.960312758335157,593.4026300746119,65.11335893378005
