Gen,Time,ProgSizeMean,ProgSizeStd,FitMean,FitStd
0,10.078125,20.08984375,20.04217777356383,565.021372979173,69.87047100203095
1,9.390625,18.7578125,18.98756956913437,491.76151175456545,90.76621313934459
2,8.890625,16.423828125,15.946883318674633,423.2483888495213,86.32280475164384
3,12.03125,19.36328125,15.7795436383318,411.8225959031796,83.12575398418804
