Gen,Time,ProgSizeMean,ProgSizeStd,FitMean,FitStd
0,8.234375,19.84765625,18.962746685340573,613.8833019886032,72.71212044441104
1,5.734375,20.26171875,18.535054616413493,566.5492444061784,86.11807843058759
